capture_time,OBJECTID,street,level,speedKMH,delay,length,uuid,updateDate,pubMillis,country,city,turnType,type,endNode,speed,roadType,SHAPE_Length
2026-05-11 17:20:20,15880,שריד,5,0,-1,33,696368000,1778530386394,1778461170362,IL,תל אביב - יפו,NONE,,החיטה,0,1,32.99566116509199
2026-05-11 17:20:20,15881,1 מערב,3,34.88,200,2951,700350908,1778530386413,1778517753646,IL,תל אביב - יפו,NONE,,תל אביב - יפו,9.688888549804688,3,2950.459503267181
2026-05-11 17:20:20,15882,יצחק אלחנן,3,8.32,113,392,700413880,1778530386428,1778519358524,IL,תל אביב - יפו,NONE,,השחר,2.3111112117767334,1,389.38759925201566
2026-05-11 17:20:20,15883,שביל המפעל,5,0,-1,87,666105790,1778530386439,1777794428827,IL,תל אביב - יפו,NONE,,,0,1,86.93544559014383
2026-05-11 17:20:20,15884,המכבים,4,2.87,533,466,700361136,1778530386446,1778518087825,IL,בני ברק,NONE,,דרך אם המושבות,0.7972221970558167,1,466.2069068828575
2026-05-11 17:20:20,15885,אלנבי,5,0,-1,133,643684936,1778530386458,1777192634708,IL,תל אביב - יפו,NONE,,מונטיפיורי,0,2,132.87960753972357
2026-05-11 17:20:20,15886,פינס,3,5.56,178,404,700381606,1778530386465,1778518935108,IL,תל אביב - יפו,NONE,,דרך יפו,1.5444444417953491,1,402.6384104895181
2026-05-11 17:20:20,15887,ביאליק,2,7.76,68,261,700422054,1778530386476,1778519531554,IL,תל אביב - יפו,NONE,,אידלסון,2.155555486679077,1,260.85213148373157
2026-05-11 17:20:20,15888,מנהרת הסיטי,5,0,-1,24,696368028,1778530386487,1778461170785,IL,גבעתיים,NONE,,אריאל שרון,0,1,23.823608255326832
2026-05-11 17:20:20,15889,המרד,4,5.96,183,372,700338592,1778530386496,1778517325401,IL,תל אביב - יפו,NONE,,,1.6555556058883667,1,370.44903650923254
2026-05-11 17:20:20,15890,דרך נמיר,3,17,230,1934,700396446,1778530386507,1778519104750,IL,תל אביב - יפו,NONE,,דרך בגין,4.722222328186035,2,1936.020761041638
2026-05-11 17:20:20,15891,,5,0,-1,13,646139560,1778530386525,1777255364403,IL,תל אביב - יפו,NONE,,שטרית,0,1,12.750098038838031
2026-05-11 17:20:20,15892,ליסין,5,0,-1,125,700385166,1778530386533,1778518937094,IL,תל אביב - יפו,NONE,,קליי,0,1,124.58063026131157
2026-05-11 17:20:20,15893,שריד,5,0,-1,23,696366000,1778530386545,1778461170491,IL,תל אביב - יפו,NONE,,נבטים,0,1,22.849299770669653
2026-05-11 17:20:20,15894,אלנבי,5,0,-1,20,643684458,1778530386558,1777192633106,IL,תל אביב - יפו,NONE,,רוטשילד,0,2,20.130002484754744
2026-05-11 17:20:20,15895,,5,0,-1,331,643685988,1778530386565,1777192633912,IL,בני ברק,NONE,,רח’ 600,0,2,330.78982632396867
2026-05-11 17:20:20,15896,דיזנגוף,4,3.07,199,260,700397442,1778530386572,1778519188466,IL,תל אביב - יפו,NONE,,"תרס""ט",0.8527777791023254,2,261.349656532749
2026-05-11 17:20:20,15897,שריד,5,0,-1,4,696366012,1778530386582,1778461170954,IL,תל אביב - יפו,NONE,,,0,1,4.320300916258285
2026-05-11 17:20:20,15898,רציף הרברט סמואל,2,15.08,82,864,700402686,1778530386589,1778519272798,IL,תל אביב - יפו,NONE,,,4.188889026641846,2,863.3841995887178
2026-05-11 17:20:20,15899,לסקוב חיים,5,0,-1,94,643685916,1778530386603,1777192633778,IL,תל אביב - יפו,NONE,,יהודה הלוי,0,1,94.02979400842023
2026-05-11 17:20:20,15900,הדף היומי,3,1.72,375,237,700409846,1778530386610,1778519442813,IL,תל אביב - יפו,NONE,,,0.47777777910232544,1,236.6487244695275
2026-05-11 17:20:20,15901,העליה,5,0,-1,91,643683860,1778530386617,1777192566644,IL,תל אביב - יפו,NONE,,י.ל. פרץ,0,2,90.56486289328049
2026-05-11 17:20:20,15902,אלנבי,5,0,-1,92,643684886,1778530386624,1777192634272,IL,תל אביב - יפו,NONE,,ביאליק,0,2,91.58055033669966
2026-05-11 17:20:20,15903,"לח""י",3,10.03,89,383,700414452,1778530386630,1778519441009,IL,תל אביב - יפו,NONE,,"אצ""ל",2.7861111164093018,2,382.3233635291204
2026-05-11 17:20:20,15904,אלנבי,5,0,-1,62,694108946,1778530386640,1778404183263,IL,תל אביב - יפו,NONE,,בית השואבה,0,2,62.44255119618467
2026-05-11 17:20:20,15905,דרך השלום,4,4.15,307,475,700368368,1778530386646,1778518270974,IL,תל אביב - יפו,NONE,,,1.1527777910232544,2,474.68083988116825
2026-05-11 17:20:20,15906,בן גוריון,5,0,-1,5,667340702,1778530386655,1777818046718,IL,תל אביב - יפו,NONE,,,0,2,4.845203813897245
2026-05-11 17:20:20,15907,אלנבי,5,0,-1,88,643687940,1778530386660,1777192634373,IL,תל אביב - יפו,NONE,,לילינבלום,0,2,88.41571183924933
2026-05-11 17:20:20,15908,עליית הנוער,4,4.89,154,273,698915826,1778530386666,1778501679992,IL,תל אביב - יפו,NONE,,,1.3583333492279053,2,273.40188735668687
2026-05-11 17:20:20,15909,העליה,5,0,-1,55,643683894,1778530386676,1777192563188,IL,תל אביב - יפו,NONE,,הקונגרס,0,2,55.311120944846344
2026-05-11 17:20:20,15910,מנהרת הסיטי,5,0,-1,31,643687978,1778530386683,1777192634722,IL,גבעתיים,NONE,,,0,1,30.458033988906507
2026-05-11 17:20:20,15911,דבורה הנביאה,3,9.63,69,364,700403652,1778530386690,1778519357810,IL,תל אביב - יפו,NONE,,פנחס רוזן,2.674999952316284,2,363.63577491328147
2026-05-11 17:20:20,15912,מצולות ים,3,5.88,93,213,700417988,1778530386699,1778519443747,IL,גבעתיים,NONE,,,1.6333333253860474,1,212.98695377387781
2026-05-11 17:20:20,15913,אליעזר קפלן,4,3.95,235,404,700331968,1778530386713,1778517072418,IL,תל אביב - יפו,NONE,,,1.0972222089767456,2,403.60694852988263
2026-05-11 17:20:20,15914,יוטבת,3,2.59,167,159,700404030,1778530386724,1778519191149,IL,תל אביב - יפו,NONE,,,0.7194444537162781,1,159.10421724575457
2026-05-11 17:20:20,15915,,5,0,-1,66,700388666,1778530386732,1778518936864,IL,תל אביב - יפו,NONE,,נחום גולדמן,0,20,65.79909822135575
2026-05-11 17:20:20,15916,אלנבי,5,0,-1,62,643688152,1778530386741,1777192635974,IL,תל אביב - יפו,NONE,,"מזא""ה",0,2,62.44255119618467
2026-05-11 17:20:20,15917,אלנבי,5,0,-1,16,647725086,1778530386748,1777285228326,IL,תל אביב - יפו,NONE,,טשרניחובסקי,0,2,16.244694518255102
2026-05-11 17:20:20,15918,אלנבי,5,0,-1,28,696364808,1778530386755,1778461171037,IL,תל אביב - יפו,NONE,,,0,2,27.48281281017086
2026-05-11 17:20:20,15919,שריד,5,0,-1,4,643688148,1778530386761,1777192635936,IL,תל אביב - יפו,NONE,,בצרה,0,1,4.320300916258285
2026-05-11 17:20:20,15920,,5,0,-1,66,700388658,1778530386767,1778518936644,IL,תל אביב - יפו,NONE,,,0,20,65.79909822135575
2026-05-11 17:20:20,15921,המסגר,3,9.27,161,617,700388146,1778530386775,1778518850835,IL,תל אביב - יפו,NONE,,יצחק שדה,2.575000047683716,2,615.5672385455365
2026-05-11 17:20:20,15922,אלנבי,5,0,-1,133,643686096,1778530386788,1777192634348,IL,תל אביב - יפו,NONE,,אחד העם,0,2,132.87960753972357
2026-05-11 17:20:20,15923,העליה,5,0,-1,91,643685068,1778530386794,1777192637223,IL,תל אביב - יפו,NONE,,מטלון,0,2,90.67176903576583
2026-05-11 17:20:20,15924,לינקולן,3,5.76,125,401,700413230,1778530386801,1778519441886,IL,תל אביב - יפו,NONE,,יהודה הלוי,1.600000023841858,2,401.60277312363684
2026-05-11 17:20:20,15925,אלנבי,5,0,-1,20,666114338,1778530386810,1777794504687,IL,תל אביב - יפו,NONE,,רוטשילד,0,2,20.130002484754744
2026-05-11 17:20:20,15926,רציף עליה שניה,1,4.75,61,241,700408096,1778530386817,1778519275849,IL,תל אביב - יפו,NONE,,רוסלאן,1.3194444179534912,1,240.71160984297094
2026-05-11 17:20:20,15927,אלנבי,5,0,-1,88,643810556,1778530386826,1777197440346,IL,תל אביב - יפו,NONE,,רוטשילד,0,2,88.41571183924933
2026-05-11 17:20:20,15928,דרך קיבוץ גלויות,3,12.2,96,564,700361498,1778530386830,1778518172401,IL,תל אביב - יפו,NONE,,ל - שוקן,3.3888888359069824,2,563.4480522852459
2026-05-11 17:20:20,15929,אלנבי,5,0,-1,88,643688184,1778530386841,1777192636421,IL,תל אביב - יפו,NONE,,לבונטין,0,2,87.8740661487836
2026-05-11 17:20:20,15930,חיים לבנון,3,9.85,284,1160,700382488,1778530386848,1778518766571,IL,תל אביב - יפו,NONE,,,2.7361111640930176,2,1160.741437321402
2026-05-11 17:20:20,15931,קליי,5,0,-1,187,700388632,1778530386859,1778518935172,IL,תל אביב - יפו,NONE,,זלוציסטי,0,1,187.0722774714636
2026-05-11 17:20:20,15932,התותחנים,2,4.38,105,216,700419862,1778530386902,1778519444179,IL,חולון,NONE,,,1.2166666984558105,1,215.98511428747747
2026-05-11 17:20:20,15933,"ח""ן",3,5.33,92,195,700419854,1778530386911,1778519443537,IL,תל אביב - יפו,NONE,,,1.480555534362793,2,195.14436205981386
2026-05-11 17:20:20,15934,צבי,4,0.83,747,187,700416382,1778530386917,1778519442499,IL,רמת גן,NONE,,"תרפ""ב",0.23055554926395416,1,186.8358007082866
2026-05-11 17:20:20,15935,ברזיל,1,6.52,66,306,700416380,1778530386924,1778519442223,IL,תל אביב - יפו,NONE,,,1.8111110925674438,1,305.7278620554308
2026-05-11 17:20:20,15936,אלנבי,5,0,-1,116,666113906,1778530386933,1777794429605,IL,תל אביב - יפו,NONE,,ביאליק,0,2,116.13027119669941
2026-05-11 17:20:20,15937,הרכבת,4,4.68,325,630,700380022,1778530386939,1778518597179,IL,תל אביב - יפו,NONE,,,1.2999999523162842,2,629.3491762972784
2026-05-11 17:20:20,15938,אלנבי,5,0,-1,116,643685014,1778530386952,1777192635055,IL,תל אביב - יפו,NONE,,המלך ג`ורג`,0,2,116.13027119669941
2026-05-11 17:20:20,15939,אלנבי,5,0,-1,78,643688076,1778530386958,1777192635019,IL,תל אביב - יפו,NONE,,אחד העם,0,2,77.62666165676383
2026-05-11 17:20:20,15940,יגאל אלון,4,4.55,91,159,700420456,1778530386965,1778519525729,IL,תל אביב - יפו,NONE,,,1.2638888359069824,2,158.99715417251906
2026-05-11 17:20:20,15941,ניר עם,3,4.3,122,189,700420450,1778530386973,1778519524965,IL,תל אביב - יפו,NONE,,דרך השלום,1.1944444179534912,1,188.88453787373453
2026-05-11 17:20:20,15942,אלנבי,5,0,-1,2,694110594,1778530386980,1778404182420,IL,תל אביב - יפו,NONE,,,0,2,1.5500322566098454
2026-05-11 17:20:20,15943,העליה,5,0,-1,146,643684480,1778530386998,1777192632610,IL,תל אביב - יפו,NONE,,מסילת העולים,0,2,145.98733977979603
2026-05-11 17:20:20,15944,בן צבי,2,17.15,79,698,700413786,1778530387005,1778519524462,IL,תל אביב - יפו,NONE,,פנחס לבון,4.763888835906982,2,697.9988426844728
2026-05-11 17:20:20,15945,שריד,5,0,-1,23,696363366,1778530387013,1778461170476,IL,תל אביב - יפו,NONE,,החיטה,0,1,22.849299770669653
2026-05-11 17:20:20,15946,לסקוב חיים,5,0,-1,94,694110648,1778530387020,1778404183647,IL,תל אביב - יפו,NONE,,איתמר בן אבי,0,1,94.02979400842021
2026-05-11 17:20:20,15947,"מזא""ה",5,0,-1,12,643684532,1778530387027,1777192632675,IL,תל אביב - יפו,NONE,,,0,1,11.697200519718963
2026-05-11 17:20:20,15948,,5,0,-1,331,696922976,1778530387034,1778476496657,IL,בני ברק,NONE,,דרך אם המושבות,0,2,331.3275607310837
2026-05-11 17:20:20,15949,דרך אם המושבות,3,6.08,237,495,697963376,1778530387040,1778489213073,IL,בני ברק,NONE,,המכבים,1.6888889074325562,2,495.347421357137
2026-05-11 17:20:20,15950,4870,5,0,-1,200,643686060,1778530387048,1777192634114,IL,תל אביב - יפו,NONE,,,0,1,200.28417935535367
2026-05-11 17:20:20,15951,גרוזנברג,5,0,-1,11,643688110,1778530387055,1777192637174,IL,תל אביב - יפו,NONE,,אלנבי,0,1,10.724942890451869
2026-05-11 17:20:20,15952,שביל המפעל,5,0,-1,87,696359804,1778530387060,1778461170418,IL,תל אביב - יפו,NONE,,התנופה,0,1,86.93544559014383
2026-05-11 17:20:20,15953,הוברמן,3,5.08,116,248,700384576,1778530387073,1778518849547,IL,תל אביב - יפו,NONE,,דיזנגוף,1.4111111164093018,1,248.9695379920083
2026-05-11 17:20:20,15954,שריד,5,0,-1,28,696359806,1778530387082,1778461170595,IL,תל אביב - יפו,NONE,,בצרה,0,1,28.5139983165192
2026-05-11 17:20:20,15955,המלך ג`ורג`,4,3.98,177,238,700378814,1778530387089,1778518682756,IL,תל אביב - יפו,NONE,,דיזנגוף,1.105555534362793,2,238.48018183052406
2026-05-11 17:20:20,15956,דרך אם המושבות,5,0,-1,219,665279648,1778530387098,1777785192315,IL,בני ברק,NONE,,,0,2,218.7117804328059
2026-05-11 17:20:20,15957,פרופסור יחזקאל קויפמן,3,9.3,246,975,700216492,1778530387104,1778514364986,IL,תל אביב - יפו,NONE,,דוד רזיאל,2.5833332538604736,2,974.8656528702486
2026-05-11 17:20:20,15958,זלוציסטי,5,0,-1,134,700386978,1778530387117,1778518936270,IL,תל אביב - יפו,NONE,,פייבל,0,1,134.2608896882126
2026-05-11 17:20:20,15959,רוטשילד,5,0,-1,123,653744598,1778530387123,1777406634372,IL,תל אביב - יפו,NONE,,נחלת בנימין,0,2,122.6357477652558
2026-05-11 17:20:20,15960,המרד,4,2.17,410,274,700334740,1778530387130,1778517242401,IL,תל אביב - יפו,NONE,,,0.6027777791023254,1,273.7666381209865
2026-05-11 17:20:20,15961,העליה,5,0,-1,72,643684200,1778530387142,1777192569873,IL,תל אביב - יפו,NONE,,וולפסון,0,2,71.82588460828747
2026-05-11 17:20:20,15962,ההגנה,3,5.72,89,213,700275960,1778530387148,1778515630366,IL,תל אביב - יפו,NONE,,"אצ""ל",1.5888888835906982,2,213.3340605384805
2026-05-11 17:20:20,15963,20 איילון צפון,3,32.47,308,4174,698701548,1778530387156,1778500138356,IL,תל אביב - יפו,NONE,,רמת השרון,9.019444465637207,3,4173.4851127867
2026-05-11 17:20:20,15964,"כ""ג יורדי הסירה",3,4.62,84,221,700413174,1778530387169,1778519441054,IL,תל אביב - יפו,NONE,,נמל תל אביב,1.2833333015441895,1,220.8712342205095
2026-05-11 17:20:20,15965,"מח""ל",2,5.14,66,182,700409076,1778530387177,1778519361353,IL,תל אביב - יפו,NONE,,משה דיין,1.4277777671813965,2,182.07941878512534
2026-05-11 17:20:20,15966,מרמורק,4,2.7,227,192,700352242,1778530387184,1778517673691,IL,תל אביב - יפו,NONE,,,0.75,2,191.94286217767785
2026-05-11 17:20:20,15967,קרליבך,4,5.71,114,359,700409070,1778530387190,1778519361036,IL,תל אביב - יפו,NONE,,יהודה הלוי,1.586111068725586,2,359.04433565297484
2026-05-11 17:20:20,15968,דרך אם המושבות,3,15.22,102,715,700377324,1778530387203,1778518682275,IL,בני ברק,NONE,,מבצע קדש,4.22777795791626,2,715.6723024758942
2026-05-11 17:20:20,15969,לוי אשכול,2,18.81,68,930,700406506,1778530387211,1778519275083,IL,תל אביב - יפו,NONE,,איינשטיין,5.224999904632568,2,929.5597288170006
2026-05-11 17:20:20,15970,44 צפון,4,7.34,96,341,700401894,1778530387219,1778519188984,IL,מקווה ישראל,NONE,,תל אביב - יפו,2.038888931274414,6,340.08305030913414
2026-05-11 17:20:20,15971,אבן גבירול,2,6.47,116,339,700295904,1778530387226,1778516060690,IL,תל אביב - יפו,NONE,,נורדאו,1.7972222566604614,2,339.24129433291733
2026-05-11 17:20:20,15972,"רא""ל יעקב דורי",4,3.4,191,228,700401886,1778530387234,1778519188439,IL,תל אביב - יפו,NONE,,,0.9444444179534912,2,227.59602352887165
2026-05-11 17:20:20,15973,שריד,5,0,-1,28,643686204,1778530387241,1777192635478,IL,תל אביב - יפו,NONE,,נבטים,0,1,28.5139983165192
2026-05-11 17:20:20,15974,20 איילון דרום,3,20.83,703,5251,698889420,1778530387247,1778501246167,IL,תל אביב - יפו,NONE,,תל אביב - יפו,5.786110877990723,3,5250.259622676854
2026-05-11 17:20:20,15975,בן גוריון,3,4.3,93,171,700390604,1778530387271,1778519021121,IL,תל אביב - יפו,NONE,,דיזנגוף,1.1944444179534912,2,171.27731145236535
2026-05-11 17:20:20,15976,פנחס ספיר,3,8.02,134,399,700409034,1778530387279,1778519357888,IL,תל אביב - יפו,NONE,,,2.2277777194976807,2,399.71949844038056
2026-05-11 17:20:20,15977,שריד,5,0,-1,33,643686184,1778530387288,1777192635284,IL,תל אביב - יפו,NONE,,הסנה,0,1,32.99566116509199
2026-05-11 17:20:20,15978,שפרינצק,4,2.8,311,279,700378824,1778530387294,1778518683627,IL,תל אביב - יפו,NONE,,קרליבך,0.7777777910232544,1,279.51766065596865
2026-05-11 17:20:20,15979,נחום גולדמן,2,14.54,81,562,700409026,1778530387305,1778519357402,IL,תל אביב - יפו,NONE,,,4.038888931274414,2,562.8839886070198
2026-05-11 17:20:20,15980,העליה,5,0,-1,48,666109130,1778530387322,1777794430203,IL,תל אביב - יפו,NONE,,דרך בגין,0,2,47.73548470415667
2026-05-11 17:20:20,15981,מנחם בגין (כביש שירות),3,8.02,105,358,700356288,1778530387328,1778517838316,IL,תל אביב - יפו,NONE,,דרך בגין,2.2277777194976807,1,358.25097836053124
2026-05-11 17:20:20,15982,ביאליק,3,12.1,211,1497,700364862,1778530387337,1778518172923,IL,רמת גן,NONE,,סירקין,3.3611111640930176,2,1499.6162956363623
2026-05-11 17:20:20,15983,20 איילון דרום - הנתיב המהיר,3,17.59,223,1381,700213820,1778530387355,1778514450806,IL,תל אביב - יפו,NONE,,תל אביב - יפו,4.886111259460449,3,1380.4827849129028
2026-05-11 17:20:20,15984,אלנבי,5,0,-1,28,647726866,1778530387368,1777285227388,IL,תל אביב - יפו,NONE,,ביאליק,0,2,27.48281281017086
2026-05-11 17:20:20,15985,פרופסור יחזקאל קויפמן,3,11.93,125,644,700034098,1778530387376,1778511506506,IL,תל אביב - יפו,NONE,,יוסף לוי,3.3138887882232666,2,644.5488820770667
2026-05-11 17:20:20,15986,אלנבי,5,0,-1,65,643815888,1778530387385,1777197440746,IL,תל אביב - יפו,NONE,,יהודה הלוי,0,2,64.7795531023734
2026-05-11 17:20:20,15987,ישראל מסלנט,5,0,-1,178,679347182,1778530387391,1778006947934,IL,תל אביב - יפו,NONE,,,0,2,177.7923030150327
2026-05-11 17:20:20,15988,אבן גבירול,4,3,498,505,700364846,1778530387399,1778518172036,IL,תל אביב - יפו,NONE,,יהודה הלוי,0.8333333134651184,2,503.8849318423904
2026-05-11 17:20:20,15989,המרד,3,6.15,176,376,700342310,1778530387408,1778517412703,IL,תל אביב - יפו,NONE,,אריה שנקר,1.7083333730697632,1,374.5552738713756
2026-05-11 17:20:20,15990,רוטשילד,5,0,-1,82,653732716,1778530387419,1777406128249,IL,תל אביב - יפו,NONE,,אלנבי,0,2,82.46810777524219
2026-05-11 17:20:20,15991,דרך אם המושבות,5,0,-1,281,665265670,1778530387425,1777785107085,IL,בני ברק,NONE,,,0,2,281.5523542778019
2026-05-11 17:20:20,15992,אלנבי,5,0,-1,78,643687934,1778530387431,1777192634330,IL,תל אביב - יפו,NONE,,רוטשילד,0,2,77.62666165676383
2026-05-11 17:20:20,15993,שד` שאול המלך,4,4.87,124,254,700359192,1778530387437,1778518088600,IL,תל אביב - יפו,NONE,,אבן גבירול,1.3527777194976807,2,253.8725561917039
2026-05-11 17:20:20,15994,העליה,5,0,-1,61,643687930,1778530387447,1777192634366,IL,תל אביב - יפו,NONE,,לוינסקי,0,2,61.0357174128435
2026-05-11 17:20:20,15995,ויצמן,2,8.3,111,479,700415000,1778530387453,1778519523137,IL,בת ים,NONE,,רוטשילד,2.305555582046509,1,478.89327325677084
2026-05-11 17:20:20,15996,20 איילון צפון - הנתיב המהיר,2,43.01,145,3341,699355676,1778530387464,1778505044505,IL,תל אביב - יפו,NONE,,רמת השרון,11.947221755981445,3,3340.576260846373
2026-05-11 17:20:20,15997,הנחושת,4,3.58,210,231,700402692,1778530387476,1778519272968,IL,תל אביב - יפו,NONE,,ראול ולנברג,0.9944444298744202,1,231.67340446382136
2026-05-11 17:20:20,15998,אלנבי,5,0,-1,70,643808668,1778530387485,1777197364084,IL,תל אביב - יפו,NONE,,לילינבלום,0,2,69.74132562540778
2026-05-11 17:20:20,15999,בינט מאיר,4,4.94,122,199,700404852,1778530387490,1778519274417,IL,תל אביב - יפו,NONE,,,1.3722221851348877,1,199.13152116609655
2026-05-11 17:20:20,16000,4870,5,0,-1,200,643684750,1778530387499,1777192633352,IL,תל אביב - יפו,NONE,,4869,0,1,200.28417935535367
2026-05-11 17:20:20,16001,אלנבי,5,0,-1,70,643686278,1778530387509,1777192635677,IL,תל אביב - יפו,NONE,,יהודה הלוי,0,2,69.74132562540778
2026-05-11 17:20:20,16002,20 איילון דרום,1,52.82,67,2284,699901034,1778530387516,1778509905182,IL,תל אביב - יפו,NONE,,תל אביב - יפו,14.672222137451172,3,2284.183145549995
2026-05-11 17:20:20,16003,פייבל,5,0,-1,194,700375134,1778530387534,1778518596583,IL,תל אביב - יפו,NONE,,ליסין,0,1,194.3238580600486
2026-05-11 17:20:20,16004,החשמונאים,4,4.64,171,311,700365404,1778530387541,1778518259169,IL,תל אביב - יפו,NONE,,קרליבך,1.288888931274414,2,310.85008207795653
2026-05-11 17:20:20,16005,ברזיל,2,4.29,154,306,700411472,1778530387551,1778519440496,IL,תל אביב - יפו,NONE,,,1.1916667222976685,1,305.7278620554307
2026-05-11 17:20:20,16006,הירקון,3,7.74,103,310,700398154,1778530387561,1778519104694,IL,תל אביב - יפו,NONE,,טרומפלדור,2.1500000953674316,2,309.30109624211946
2026-05-11 17:20:20,16007,"ל-שד` רוקח, אוניברסיטה",4,11.16,137,503,700347456,1778530387568,1778517751985,IL,תל אביב - יפו,NONE,,תל אביב - יפו,3.0999999046325684,4,502.98169700752476
2026-05-11 17:22:20,15880,שריד,5,0,-1,33,696368000,1778530386394,1778461170362,IL,תל אביב - יפו,NONE,,החיטה,0,1,32.99566116509199
2026-05-11 17:22:20,15881,1 מערב,3,34.88,200,2951,700350908,1778530386413,1778517753646,IL,תל אביב - יפו,NONE,,תל אביב - יפו,9.688888549804688,3,2950.459503267181
2026-05-11 17:22:20,15882,יצחק אלחנן,3,8.32,113,392,700413880,1778530386428,1778519358524,IL,תל אביב - יפו,NONE,,השחר,2.3111112117767334,1,389.38759925201566
2026-05-11 17:22:20,15883,שביל המפעל,5,0,-1,87,666105790,1778530386439,1777794428827,IL,תל אביב - יפו,NONE,,,0,1,86.93544559014383
2026-05-11 17:22:20,15884,המכבים,4,2.87,533,466,700361136,1778530386446,1778518087825,IL,בני ברק,NONE,,דרך אם המושבות,0.7972221970558167,1,466.2069068828575
2026-05-11 17:22:20,15885,אלנבי,5,0,-1,133,643684936,1778530386458,1777192634708,IL,תל אביב - יפו,NONE,,מונטיפיורי,0,2,132.87960753972357
2026-05-11 17:22:20,15886,פינס,3,5.56,178,404,700381606,1778530386465,1778518935108,IL,תל אביב - יפו,NONE,,דרך יפו,1.5444444417953491,1,402.6384104895181
2026-05-11 17:22:20,15887,ביאליק,2,7.76,68,261,700422054,1778530386476,1778519531554,IL,תל אביב - יפו,NONE,,אידלסון,2.155555486679077,1,260.85213148373157
2026-05-11 17:22:20,15888,מנהרת הסיטי,5,0,-1,24,696368028,1778530386487,1778461170785,IL,גבעתיים,NONE,,אריאל שרון,0,1,23.823608255326832
2026-05-11 17:22:20,15889,המרד,4,5.96,183,372,700338592,1778530386496,1778517325401,IL,תל אביב - יפו,NONE,,,1.6555556058883667,1,370.44903650923254
2026-05-11 17:22:20,15890,דרך נמיר,3,17,230,1934,700396446,1778530386507,1778519104750,IL,תל אביב - יפו,NONE,,דרך בגין,4.722222328186035,2,1936.020761041638
2026-05-11 17:22:20,15891,,5,0,-1,13,646139560,1778530386525,1777255364403,IL,תל אביב - יפו,NONE,,שטרית,0,1,12.750098038838031
2026-05-11 17:22:20,15892,ליסין,5,0,-1,125,700385166,1778530386533,1778518937094,IL,תל אביב - יפו,NONE,,קליי,0,1,124.58063026131157
2026-05-11 17:22:20,15893,שריד,5,0,-1,23,696366000,1778530386545,1778461170491,IL,תל אביב - יפו,NONE,,נבטים,0,1,22.849299770669653
2026-05-11 17:22:20,15894,אלנבי,5,0,-1,20,643684458,1778530386558,1777192633106,IL,תל אביב - יפו,NONE,,רוטשילד,0,2,20.130002484754744
2026-05-11 17:22:20,15895,,5,0,-1,331,643685988,1778530386565,1777192633912,IL,בני ברק,NONE,,רח’ 600,0,2,330.78982632396867
2026-05-11 17:22:20,15896,דיזנגוף,4,3.07,199,260,700397442,1778530386572,1778519188466,IL,תל אביב - יפו,NONE,,"תרס""ט",0.8527777791023254,2,261.349656532749
2026-05-11 17:22:20,15897,שריד,5,0,-1,4,696366012,1778530386582,1778461170954,IL,תל אביב - יפו,NONE,,,0,1,4.320300916258285
2026-05-11 17:22:20,15898,רציף הרברט סמואל,2,15.08,82,864,700402686,1778530386589,1778519272798,IL,תל אביב - יפו,NONE,,,4.188889026641846,2,863.3841995887178
2026-05-11 17:22:20,15899,לסקוב חיים,5,0,-1,94,643685916,1778530386603,1777192633778,IL,תל אביב - יפו,NONE,,יהודה הלוי,0,1,94.02979400842023
2026-05-11 17:22:20,15900,הדף היומי,3,1.72,375,237,700409846,1778530386610,1778519442813,IL,תל אביב - יפו,NONE,,,0.47777777910232544,1,236.6487244695275
2026-05-11 17:22:20,15901,העליה,5,0,-1,91,643683860,1778530386617,1777192566644,IL,תל אביב - יפו,NONE,,י.ל. פרץ,0,2,90.56486289328049
2026-05-11 17:22:20,15902,אלנבי,5,0,-1,92,643684886,1778530386624,1777192634272,IL,תל אביב - יפו,NONE,,ביאליק,0,2,91.58055033669966
2026-05-11 17:22:20,15903,"לח""י",3,10.03,89,383,700414452,1778530386630,1778519441009,IL,תל אביב - יפו,NONE,,"אצ""ל",2.7861111164093018,2,382.3233635291204
2026-05-11 17:22:20,15904,אלנבי,5,0,-1,62,694108946,1778530386640,1778404183263,IL,תל אביב - יפו,NONE,,בית השואבה,0,2,62.44255119618467
2026-05-11 17:22:20,15905,דרך השלום,4,4.15,307,475,700368368,1778530386646,1778518270974,IL,תל אביב - יפו,NONE,,,1.1527777910232544,2,474.68083988116825
2026-05-11 17:22:20,15906,בן גוריון,5,0,-1,5,667340702,1778530386655,1777818046718,IL,תל אביב - יפו,NONE,,,0,2,4.845203813897245
2026-05-11 17:22:20,15907,אלנבי,5,0,-1,88,643687940,1778530386660,1777192634373,IL,תל אביב - יפו,NONE,,לילינבלום,0,2,88.41571183924933
2026-05-11 17:22:20,15908,עליית הנוער,4,4.89,154,273,698915826,1778530386666,1778501679992,IL,תל אביב - יפו,NONE,,,1.3583333492279053,2,273.40188735668687
2026-05-11 17:22:20,15909,העליה,5,0,-1,55,643683894,1778530386676,1777192563188,IL,תל אביב - יפו,NONE,,הקונגרס,0,2,55.311120944846344
2026-05-11 17:22:20,15910,מנהרת הסיטי,5,0,-1,31,643687978,1778530386683,1777192634722,IL,גבעתיים,NONE,,,0,1,30.458033988906507
2026-05-11 17:22:20,15911,דבורה הנביאה,3,9.63,69,364,700403652,1778530386690,1778519357810,IL,תל אביב - יפו,NONE,,פנחס רוזן,2.674999952316284,2,363.63577491328147
2026-05-11 17:22:20,15912,מצולות ים,3,5.88,93,213,700417988,1778530386699,1778519443747,IL,גבעתיים,NONE,,,1.6333333253860474,1,212.98695377387781
2026-05-11 17:22:20,15913,אליעזר קפלן,4,3.95,235,404,700331968,1778530386713,1778517072418,IL,תל אביב - יפו,NONE,,,1.0972222089767456,2,403.60694852988263
2026-05-11 17:22:20,15914,יוטבת,3,2.59,167,159,700404030,1778530386724,1778519191149,IL,תל אביב - יפו,NONE,,,0.7194444537162781,1,159.10421724575457
2026-05-11 17:22:20,15915,,5,0,-1,66,700388666,1778530386732,1778518936864,IL,תל אביב - יפו,NONE,,נחום גולדמן,0,20,65.79909822135575
2026-05-11 17:22:20,15916,אלנבי,5,0,-1,62,643688152,1778530386741,1777192635974,IL,תל אביב - יפו,NONE,,"מזא""ה",0,2,62.44255119618467
2026-05-11 17:22:20,15917,אלנבי,5,0,-1,16,647725086,1778530386748,1777285228326,IL,תל אביב - יפו,NONE,,טשרניחובסקי,0,2,16.244694518255102
2026-05-11 17:22:20,15918,אלנבי,5,0,-1,28,696364808,1778530386755,1778461171037,IL,תל אביב - יפו,NONE,,,0,2,27.48281281017086
2026-05-11 17:22:20,15919,שריד,5,0,-1,4,643688148,1778530386761,1777192635936,IL,תל אביב - יפו,NONE,,בצרה,0,1,4.320300916258285
2026-05-11 17:22:20,15920,,5,0,-1,66,700388658,1778530386767,1778518936644,IL,תל אביב - יפו,NONE,,,0,20,65.79909822135575
2026-05-11 17:22:20,15921,המסגר,3,9.27,161,617,700388146,1778530386775,1778518850835,IL,תל אביב - יפו,NONE,,יצחק שדה,2.575000047683716,2,615.5672385455365
2026-05-11 17:22:20,15922,אלנבי,5,0,-1,133,643686096,1778530386788,1777192634348,IL,תל אביב - יפו,NONE,,אחד העם,0,2,132.87960753972357
2026-05-11 17:22:20,15923,העליה,5,0,-1,91,643685068,1778530386794,1777192637223,IL,תל אביב - יפו,NONE,,מטלון,0,2,90.67176903576583
2026-05-11 17:22:20,15924,לינקולן,3,5.76,125,401,700413230,1778530386801,1778519441886,IL,תל אביב - יפו,NONE,,יהודה הלוי,1.600000023841858,2,401.60277312363684
2026-05-11 17:22:20,15925,אלנבי,5,0,-1,20,666114338,1778530386810,1777794504687,IL,תל אביב - יפו,NONE,,רוטשילד,0,2,20.130002484754744
2026-05-11 17:22:20,15926,רציף עליה שניה,1,4.75,61,241,700408096,1778530386817,1778519275849,IL,תל אביב - יפו,NONE,,רוסלאן,1.3194444179534912,1,240.71160984297094
2026-05-11 17:22:20,15927,אלנבי,5,0,-1,88,643810556,1778530386826,1777197440346,IL,תל אביב - יפו,NONE,,רוטשילד,0,2,88.41571183924933
2026-05-11 17:22:20,15928,דרך קיבוץ גלויות,3,12.2,96,564,700361498,1778530386830,1778518172401,IL,תל אביב - יפו,NONE,,ל - שוקן,3.3888888359069824,2,563.4480522852459
2026-05-11 17:22:20,15929,אלנבי,5,0,-1,88,643688184,1778530386841,1777192636421,IL,תל אביב - יפו,NONE,,לבונטין,0,2,87.8740661487836
2026-05-11 17:22:20,15930,חיים לבנון,3,9.85,284,1160,700382488,1778530386848,1778518766571,IL,תל אביב - יפו,NONE,,,2.7361111640930176,2,1160.741437321402
2026-05-11 17:22:20,15931,קליי,5,0,-1,187,700388632,1778530386859,1778518935172,IL,תל אביב - יפו,NONE,,זלוציסטי,0,1,187.0722774714636
2026-05-11 17:22:20,15932,התותחנים,2,4.38,105,216,700419862,1778530386902,1778519444179,IL,חולון,NONE,,,1.2166666984558105,1,215.98511428747747
2026-05-11 17:22:20,15933,"ח""ן",3,5.33,92,195,700419854,1778530386911,1778519443537,IL,תל אביב - יפו,NONE,,,1.480555534362793,2,195.14436205981386
2026-05-11 17:22:20,15934,צבי,4,0.83,747,187,700416382,1778530386917,1778519442499,IL,רמת גן,NONE,,"תרפ""ב",0.23055554926395416,1,186.8358007082866
2026-05-11 17:22:20,15935,ברזיל,1,6.52,66,306,700416380,1778530386924,1778519442223,IL,תל אביב - יפו,NONE,,,1.8111110925674438,1,305.7278620554308
2026-05-11 17:22:20,15936,אלנבי,5,0,-1,116,666113906,1778530386933,1777794429605,IL,תל אביב - יפו,NONE,,ביאליק,0,2,116.13027119669941
2026-05-11 17:22:20,15937,הרכבת,4,4.68,325,630,700380022,1778530386939,1778518597179,IL,תל אביב - יפו,NONE,,,1.2999999523162842,2,629.3491762972784
2026-05-11 17:22:20,15938,אלנבי,5,0,-1,116,643685014,1778530386952,1777192635055,IL,תל אביב - יפו,NONE,,המלך ג`ורג`,0,2,116.13027119669941
2026-05-11 17:22:20,15939,אלנבי,5,0,-1,78,643688076,1778530386958,1777192635019,IL,תל אביב - יפו,NONE,,אחד העם,0,2,77.62666165676383
2026-05-11 17:22:20,15940,יגאל אלון,4,4.55,91,159,700420456,1778530386965,1778519525729,IL,תל אביב - יפו,NONE,,,1.2638888359069824,2,158.99715417251906
2026-05-11 17:22:20,15941,ניר עם,3,4.3,122,189,700420450,1778530386973,1778519524965,IL,תל אביב - יפו,NONE,,דרך השלום,1.1944444179534912,1,188.88453787373453
2026-05-11 17:22:20,15942,אלנבי,5,0,-1,2,694110594,1778530386980,1778404182420,IL,תל אביב - יפו,NONE,,,0,2,1.5500322566098454
2026-05-11 17:22:20,15943,העליה,5,0,-1,146,643684480,1778530386998,1777192632610,IL,תל אביב - יפו,NONE,,מסילת העולים,0,2,145.98733977979603
2026-05-11 17:22:20,15944,בן צבי,2,17.15,79,698,700413786,1778530387005,1778519524462,IL,תל אביב - יפו,NONE,,פנחס לבון,4.763888835906982,2,697.9988426844728
2026-05-11 17:22:20,15945,שריד,5,0,-1,23,696363366,1778530387013,1778461170476,IL,תל אביב - יפו,NONE,,החיטה,0,1,22.849299770669653
2026-05-11 17:22:20,15946,לסקוב חיים,5,0,-1,94,694110648,1778530387020,1778404183647,IL,תל אביב - יפו,NONE,,איתמר בן אבי,0,1,94.02979400842021
2026-05-11 17:22:20,15947,"מזא""ה",5,0,-1,12,643684532,1778530387027,1777192632675,IL,תל אביב - יפו,NONE,,,0,1,11.697200519718963
2026-05-11 17:22:20,15948,,5,0,-1,331,696922976,1778530387034,1778476496657,IL,בני ברק,NONE,,דרך אם המושבות,0,2,331.3275607310837
2026-05-11 17:22:20,15949,דרך אם המושבות,3,6.08,237,495,697963376,1778530387040,1778489213073,IL,בני ברק,NONE,,המכבים,1.6888889074325562,2,495.347421357137
2026-05-11 17:22:20,15950,4870,5,0,-1,200,643686060,1778530387048,1777192634114,IL,תל אביב - יפו,NONE,,,0,1,200.28417935535367
2026-05-11 17:22:20,15951,גרוזנברג,5,0,-1,11,643688110,1778530387055,1777192637174,IL,תל אביב - יפו,NONE,,אלנבי,0,1,10.724942890451869
2026-05-11 17:22:20,15952,שביל המפעל,5,0,-1,87,696359804,1778530387060,1778461170418,IL,תל אביב - יפו,NONE,,התנופה,0,1,86.93544559014383
2026-05-11 17:22:20,15953,הוברמן,3,5.08,116,248,700384576,1778530387073,1778518849547,IL,תל אביב - יפו,NONE,,דיזנגוף,1.4111111164093018,1,248.9695379920083
2026-05-11 17:22:20,15954,שריד,5,0,-1,28,696359806,1778530387082,1778461170595,IL,תל אביב - יפו,NONE,,בצרה,0,1,28.5139983165192
2026-05-11 17:22:20,15955,המלך ג`ורג`,4,3.98,177,238,700378814,1778530387089,1778518682756,IL,תל אביב - יפו,NONE,,דיזנגוף,1.105555534362793,2,238.48018183052406
2026-05-11 17:22:20,15956,דרך אם המושבות,5,0,-1,219,665279648,1778530387098,1777785192315,IL,בני ברק,NONE,,,0,2,218.7117804328059
2026-05-11 17:22:20,15957,פרופסור יחזקאל קויפמן,3,9.3,246,975,700216492,1778530387104,1778514364986,IL,תל אביב - יפו,NONE,,דוד רזיאל,2.5833332538604736,2,974.8656528702486
2026-05-11 17:22:20,15958,זלוציסטי,5,0,-1,134,700386978,1778530387117,1778518936270,IL,תל אביב - יפו,NONE,,פייבל,0,1,134.2608896882126
2026-05-11 17:22:20,15959,רוטשילד,5,0,-1,123,653744598,1778530387123,1777406634372,IL,תל אביב - יפו,NONE,,נחלת בנימין,0,2,122.6357477652558
2026-05-11 17:22:20,15960,המרד,4,2.17,410,274,700334740,1778530387130,1778517242401,IL,תל אביב - יפו,NONE,,,0.6027777791023254,1,273.7666381209865
2026-05-11 17:22:20,15961,העליה,5,0,-1,72,643684200,1778530387142,1777192569873,IL,תל אביב - יפו,NONE,,וולפסון,0,2,71.82588460828747
2026-05-11 17:22:20,15962,ההגנה,3,5.72,89,213,700275960,1778530387148,1778515630366,IL,תל אביב - יפו,NONE,,"אצ""ל",1.5888888835906982,2,213.3340605384805
2026-05-11 17:22:20,15963,20 איילון צפון,3,32.47,308,4174,698701548,1778530387156,1778500138356,IL,תל אביב - יפו,NONE,,רמת השרון,9.019444465637207,3,4173.4851127867
2026-05-11 17:22:20,15964,"כ""ג יורדי הסירה",3,4.62,84,221,700413174,1778530387169,1778519441054,IL,תל אביב - יפו,NONE,,נמל תל אביב,1.2833333015441895,1,220.8712342205095
2026-05-11 17:22:20,15965,"מח""ל",2,5.14,66,182,700409076,1778530387177,1778519361353,IL,תל אביב - יפו,NONE,,משה דיין,1.4277777671813965,2,182.07941878512534
2026-05-11 17:22:20,15966,מרמורק,4,2.7,227,192,700352242,1778530387184,1778517673691,IL,תל אביב - יפו,NONE,,,0.75,2,191.94286217767785
2026-05-11 17:22:20,15967,קרליבך,4,5.71,114,359,700409070,1778530387190,1778519361036,IL,תל אביב - יפו,NONE,,יהודה הלוי,1.586111068725586,2,359.04433565297484
2026-05-11 17:22:20,15968,דרך אם המושבות,3,15.22,102,715,700377324,1778530387203,1778518682275,IL,בני ברק,NONE,,מבצע קדש,4.22777795791626,2,715.6723024758942
2026-05-11 17:22:20,15969,לוי אשכול,2,18.81,68,930,700406506,1778530387211,1778519275083,IL,תל אביב - יפו,NONE,,איינשטיין,5.224999904632568,2,929.5597288170006
2026-05-11 17:22:20,15970,44 צפון,4,7.34,96,341,700401894,1778530387219,1778519188984,IL,מקווה ישראל,NONE,,תל אביב - יפו,2.038888931274414,6,340.08305030913414
2026-05-11 17:22:20,15971,אבן גבירול,2,6.47,116,339,700295904,1778530387226,1778516060690,IL,תל אביב - יפו,NONE,,נורדאו,1.7972222566604614,2,339.24129433291733
2026-05-11 17:22:20,15972,"רא""ל יעקב דורי",4,3.4,191,228,700401886,1778530387234,1778519188439,IL,תל אביב - יפו,NONE,,,0.9444444179534912,2,227.59602352887165
2026-05-11 17:22:20,15973,שריד,5,0,-1,28,643686204,1778530387241,1777192635478,IL,תל אביב - יפו,NONE,,נבטים,0,1,28.5139983165192
2026-05-11 17:22:20,15974,20 איילון דרום,3,20.83,703,5251,698889420,1778530387247,1778501246167,IL,תל אביב - יפו,NONE,,תל אביב - יפו,5.786110877990723,3,5250.259622676854
2026-05-11 17:22:20,15975,בן גוריון,3,4.3,93,171,700390604,1778530387271,1778519021121,IL,תל אביב - יפו,NONE,,דיזנגוף,1.1944444179534912,2,171.27731145236535
2026-05-11 17:22:20,15976,פנחס ספיר,3,8.02,134,399,700409034,1778530387279,1778519357888,IL,תל אביב - יפו,NONE,,,2.2277777194976807,2,399.71949844038056
2026-05-11 17:22:20,15977,שריד,5,0,-1,33,643686184,1778530387288,1777192635284,IL,תל אביב - יפו,NONE,,הסנה,0,1,32.99566116509199
2026-05-11 17:22:20,15978,שפרינצק,4,2.8,311,279,700378824,1778530387294,1778518683627,IL,תל אביב - יפו,NONE,,קרליבך,0.7777777910232544,1,279.51766065596865
2026-05-11 17:22:20,15979,נחום גולדמן,2,14.54,81,562,700409026,1778530387305,1778519357402,IL,תל אביב - יפו,NONE,,,4.038888931274414,2,562.8839886070198
2026-05-11 17:22:20,15980,העליה,5,0,-1,48,666109130,1778530387322,1777794430203,IL,תל אביב - יפו,NONE,,דרך בגין,0,2,47.73548470415667
2026-05-11 17:22:20,15981,מנחם בגין (כביש שירות),3,8.02,105,358,700356288,1778530387328,1778517838316,IL,תל אביב - יפו,NONE,,דרך בגין,2.2277777194976807,1,358.25097836053124
2026-05-11 17:22:20,15982,ביאליק,3,12.1,211,1497,700364862,1778530387337,1778518172923,IL,רמת גן,NONE,,סירקין,3.3611111640930176,2,1499.6162956363623
2026-05-11 17:22:20,15983,20 איילון דרום - הנתיב המהיר,3,17.59,223,1381,700213820,1778530387355,1778514450806,IL,תל אביב - יפו,NONE,,תל אביב - יפו,4.886111259460449,3,1380.4827849129028
2026-05-11 17:22:20,15984,אלנבי,5,0,-1,28,647726866,1778530387368,1777285227388,IL,תל אביב - יפו,NONE,,ביאליק,0,2,27.48281281017086
2026-05-11 17:22:20,15985,פרופסור יחזקאל קויפמן,3,11.93,125,644,700034098,1778530387376,1778511506506,IL,תל אביב - יפו,NONE,,יוסף לוי,3.3138887882232666,2,644.5488820770667
2026-05-11 17:22:20,15986,אלנבי,5,0,-1,65,643815888,1778530387385,1777197440746,IL,תל אביב - יפו,NONE,,יהודה הלוי,0,2,64.7795531023734
2026-05-11 17:22:20,15987,ישראל מסלנט,5,0,-1,178,679347182,1778530387391,1778006947934,IL,תל אביב - יפו,NONE,,,0,2,177.7923030150327
2026-05-11 17:22:20,15988,אבן גבירול,4,3,498,505,700364846,1778530387399,1778518172036,IL,תל אביב - יפו,NONE,,יהודה הלוי,0.8333333134651184,2,503.8849318423904
2026-05-11 17:22:20,15989,המרד,3,6.15,176,376,700342310,1778530387408,1778517412703,IL,תל אביב - יפו,NONE,,אריה שנקר,1.7083333730697632,1,374.5552738713756
2026-05-11 17:22:20,15990,רוטשילד,5,0,-1,82,653732716,1778530387419,1777406128249,IL,תל אביב - יפו,NONE,,אלנבי,0,2,82.46810777524219
2026-05-11 17:22:20,15991,דרך אם המושבות,5,0,-1,281,665265670,1778530387425,1777785107085,IL,בני ברק,NONE,,,0,2,281.5523542778019
2026-05-11 17:22:20,15992,אלנבי,5,0,-1,78,643687934,1778530387431,1777192634330,IL,תל אביב - יפו,NONE,,רוטשילד,0,2,77.62666165676383
2026-05-11 17:22:20,15993,שד` שאול המלך,4,4.87,124,254,700359192,1778530387437,1778518088600,IL,תל אביב - יפו,NONE,,אבן גבירול,1.3527777194976807,2,253.8725561917039
2026-05-11 17:22:20,15994,העליה,5,0,-1,61,643687930,1778530387447,1777192634366,IL,תל אביב - יפו,NONE,,לוינסקי,0,2,61.0357174128435
2026-05-11 17:22:20,15995,ויצמן,2,8.3,111,479,700415000,1778530387453,1778519523137,IL,בת ים,NONE,,רוטשילד,2.305555582046509,1,478.89327325677084
2026-05-11 17:22:20,15996,20 איילון צפון - הנתיב המהיר,2,43.01,145,3341,699355676,1778530387464,1778505044505,IL,תל אביב - יפו,NONE,,רמת השרון,11.947221755981445,3,3340.576260846373
2026-05-11 17:22:20,15997,הנחושת,4,3.58,210,231,700402692,1778530387476,1778519272968,IL,תל אביב - יפו,NONE,,ראול ולנברג,0.9944444298744202,1,231.67340446382136
2026-05-11 17:22:20,15998,אלנבי,5,0,-1,70,643808668,1778530387485,1777197364084,IL,תל אביב - יפו,NONE,,לילינבלום,0,2,69.74132562540778
2026-05-11 17:22:20,15999,בינט מאיר,4,4.94,122,199,700404852,1778530387490,1778519274417,IL,תל אביב - יפו,NONE,,,1.3722221851348877,1,199.13152116609655
2026-05-11 17:22:20,16000,4870,5,0,-1,200,643684750,1778530387499,1777192633352,IL,תל אביב - יפו,NONE,,4869,0,1,200.28417935535367
2026-05-11 17:22:20,16001,אלנבי,5,0,-1,70,643686278,1778530387509,1777192635677,IL,תל אביב - יפו,NONE,,יהודה הלוי,0,2,69.74132562540778
2026-05-11 17:22:20,16002,20 איילון דרום,1,52.82,67,2284,699901034,1778530387516,1778509905182,IL,תל אביב - יפו,NONE,,תל אביב - יפו,14.672222137451172,3,2284.183145549995
2026-05-11 17:22:20,16003,פייבל,5,0,-1,194,700375134,1778530387534,1778518596583,IL,תל אביב - יפו,NONE,,ליסין,0,1,194.3238580600486
2026-05-11 17:22:20,16004,החשמונאים,4,4.64,171,311,700365404,1778530387541,1778518259169,IL,תל אביב - יפו,NONE,,קרליבך,1.288888931274414,2,310.85008207795653
2026-05-11 17:22:20,16005,ברזיל,2,4.29,154,306,700411472,1778530387551,1778519440496,IL,תל אביב - יפו,NONE,,,1.1916667222976685,1,305.7278620554307
2026-05-11 17:22:20,16006,הירקון,3,7.74,103,310,700398154,1778530387561,1778519104694,IL,תל אביב - יפו,NONE,,טרומפלדור,2.1500000953674316,2,309.30109624211946
2026-05-11 17:22:20,16007,"ל-שד` רוקח, אוניברסיטה",4,11.16,137,503,700347456,1778530387568,1778517751985,IL,תל אביב - יפו,NONE,,תל אביב - יפו,3.0999999046325684,4,502.98169700752476
